-- OmarPhone full database reset.
-- WARNING: this deletes all existing data in the listed OmarPhone tables.
-- Run this in Neon/Postgres SQL Editor when you want a fresh production database.
--
-- Image uploads:
--   1. POST /api/media with admin auth and JSON:
--      {"filename":"photo.png","contentType":"image/png","data":"data:image/png;base64,..."}
--   2. The API returns {"media":{"url":"/api/media/<id>"}}.
--   3. Put that URL in any image column, for example service_cards.image,
--      blog_posts.image, customer_reviews.avatar, before_after_repairs.before_image.
--   4. The frontend <img> tags already render /api/media/<id> URLs.

BEGIN;

DROP TABLE IF EXISTS blog_post_tags CASCADE;
DROP TABLE IF EXISTS blog_posts CASCADE;
DROP TABLE IF EXISTS home_services CASCADE;
DROP TABLE IF EXISTS home_testimonials CASCADE;
DROP TABLE IF EXISTS booking_devices CASCADE;
DROP TABLE IF EXISTS booking_repair_issues CASCADE;
DROP TABLE IF EXISTS review_stats CASCADE;
DROP TABLE IF EXISTS customer_reviews CASCADE;
DROP TABLE IF EXISTS before_after_repairs CASCADE;
DROP TABLE IF EXISTS before_after_testimonials CASCADE;
DROP TABLE IF EXISTS service_hero_trust CASCADE;
DROP TABLE IF EXISTS service_cards CASCADE;
DROP TABLE IF EXISTS service_trust_features CASCADE;
DROP TABLE IF EXISTS service_process_steps CASCADE;
DROP TABLE IF EXISTS support_faqs CASCADE;
DROP TABLE IF EXISTS support_quick_actions CASCADE;
DROP TABLE IF EXISTS support_contact_info CASCADE;
DROP TABLE IF EXISTS content_sections CASCADE;
DROP TABLE IF EXISTS orders CASCADE;
DROP TABLE IF EXISTS media_assets CASCADE;

CREATE TABLE orders (
  id TEXT PRIMARY KEY,
  created_at TIMESTAMPTZ NOT NULL,
  server_received_at TIMESTAMPTZ NOT NULL,
  status TEXT NOT NULL DEFAULT 'New',
  payload_json JSONB NOT NULL
);

CREATE TABLE content_sections (
  section_key TEXT PRIMARY KEY,
  payload_json JSONB NOT NULL DEFAULT '{}'::jsonb,
  updated_at TIMESTAMPTZ NOT NULL DEFAULT NOW(),
  customized BOOLEAN NOT NULL DEFAULT FALSE
);

CREATE TABLE media_assets (
  id TEXT PRIMARY KEY,
  filename TEXT NOT NULL,
  content_type TEXT NOT NULL,
  data_base64 TEXT NOT NULL,
  byte_size INTEGER NOT NULL DEFAULT 0,
  alt_text TEXT NOT NULL DEFAULT '',
  created_at TIMESTAMPTZ NOT NULL DEFAULT NOW(),
  updated_at TIMESTAMPTZ NOT NULL DEFAULT NOW()
);

CREATE TABLE blog_posts (
  slug TEXT PRIMARY KEY,
  title TEXT NOT NULL,
  copy TEXT NOT NULL,
  post_date TEXT NOT NULL,
  tag TEXT NOT NULL,
  category TEXT NOT NULL,
  tone TEXT NOT NULL,
  image TEXT NOT NULL,
  author TEXT NOT NULL DEFAULT 'OmarPhone Team',
  status TEXT NOT NULL DEFAULT 'Published',
  views INTEGER NOT NULL DEFAULT 0,
  published_at TIMESTAMPTZ,
  sort_order INTEGER NOT NULL DEFAULT 0,
  created_at TIMESTAMPTZ NOT NULL DEFAULT NOW(),
  updated_at TIMESTAMPTZ NOT NULL DEFAULT NOW()
);

CREATE TABLE blog_post_tags (
  post_slug TEXT NOT NULL REFERENCES blog_posts(slug) ON DELETE CASCADE,
  tag TEXT NOT NULL,
  sort_order INTEGER NOT NULL DEFAULT 0,
  PRIMARY KEY (post_slug, tag)
);

CREATE TABLE IF NOT EXISTS home_services (
          id INTEGER GENERATED BY DEFAULT AS IDENTITY PRIMARY KEY,
          title TEXT NOT NULL DEFAULT '',
          price TEXT NOT NULL DEFAULT '',
          copy TEXT NOT NULL DEFAULT '',
          icon TEXT NOT NULL DEFAULT '',
          tone TEXT NOT NULL DEFAULT '',
          image TEXT NOT NULL DEFAULT '',
          sort_order INTEGER NOT NULL DEFAULT 0,
          created_at TIMESTAMPTZ NOT NULL DEFAULT NOW(),
          updated_at TIMESTAMPTZ NOT NULL DEFAULT NOW()
        );

CREATE TABLE IF NOT EXISTS home_testimonials (
          id INTEGER GENERATED BY DEFAULT AS IDENTITY PRIMARY KEY,
          name TEXT NOT NULL DEFAULT '',
          service TEXT NOT NULL DEFAULT '',
          copy TEXT NOT NULL DEFAULT '',
          sort_order INTEGER NOT NULL DEFAULT 0,
          created_at TIMESTAMPTZ NOT NULL DEFAULT NOW(),
          updated_at TIMESTAMPTZ NOT NULL DEFAULT NOW()
        );

CREATE TABLE IF NOT EXISTS booking_devices (
          id INTEGER GENERATED BY DEFAULT AS IDENTITY PRIMARY KEY,
          name TEXT NOT NULL DEFAULT '',
          image TEXT NOT NULL DEFAULT '',
          tone TEXT NOT NULL DEFAULT '',
          brand TEXT NOT NULL DEFAULT '',
          category TEXT NOT NULL DEFAULT '',
          sort_order INTEGER NOT NULL DEFAULT 0,
          created_at TIMESTAMPTZ NOT NULL DEFAULT NOW(),
          updated_at TIMESTAMPTZ NOT NULL DEFAULT NOW()
        );

CREATE TABLE IF NOT EXISTS booking_repair_issues (
          id INTEGER GENERATED BY DEFAULT AS IDENTITY PRIMARY KEY,
          key TEXT NOT NULL DEFAULT '',
          title TEXT NOT NULL DEFAULT '',
          copy TEXT NOT NULL DEFAULT '',
          icon TEXT NOT NULL DEFAULT '',
          tone TEXT NOT NULL DEFAULT '',
          image TEXT NOT NULL DEFAULT '',
          availability TEXT NOT NULL DEFAULT '',
          sort_order INTEGER NOT NULL DEFAULT 0,
          created_at TIMESTAMPTZ NOT NULL DEFAULT NOW(),
          updated_at TIMESTAMPTZ NOT NULL DEFAULT NOW()
        );

CREATE TABLE IF NOT EXISTS review_stats (
          id INTEGER GENERATED BY DEFAULT AS IDENTITY PRIMARY KEY,
          value TEXT NOT NULL DEFAULT '',
          label TEXT NOT NULL DEFAULT '',
          copy TEXT NOT NULL DEFAULT '',
          icon TEXT NOT NULL DEFAULT '',
          tone TEXT NOT NULL DEFAULT '',
          sort_order INTEGER NOT NULL DEFAULT 0,
          created_at TIMESTAMPTZ NOT NULL DEFAULT NOW(),
          updated_at TIMESTAMPTZ NOT NULL DEFAULT NOW()
        );

CREATE TABLE IF NOT EXISTS customer_reviews (
          id INTEGER GENERATED BY DEFAULT AS IDENTITY PRIMARY KEY,
          name TEXT NOT NULL DEFAULT '',
          date TEXT NOT NULL DEFAULT '',
          copy TEXT NOT NULL DEFAULT '',
          stars TEXT NOT NULL DEFAULT '',
          service TEXT NOT NULL DEFAULT '',
          icon TEXT NOT NULL DEFAULT '',
          tone TEXT NOT NULL DEFAULT '',
          avatar TEXT NOT NULL DEFAULT '',
          sort_order INTEGER NOT NULL DEFAULT 0,
          created_at TIMESTAMPTZ NOT NULL DEFAULT NOW(),
          updated_at TIMESTAMPTZ NOT NULL DEFAULT NOW()
        );

CREATE TABLE IF NOT EXISTS before_after_repairs (
          id INTEGER GENERATED BY DEFAULT AS IDENTITY PRIMARY KEY,
          device TEXT NOT NULL DEFAULT '',
          service TEXT NOT NULL DEFAULT '',
          copy TEXT NOT NULL DEFAULT '',
          time TEXT NOT NULL DEFAULT '',
          tone TEXT NOT NULL DEFAULT '',
          before_image TEXT NOT NULL DEFAULT '',
          after_image TEXT NOT NULL DEFAULT '',
          kind TEXT NOT NULL DEFAULT '',
          sort_order INTEGER NOT NULL DEFAULT 0,
          created_at TIMESTAMPTZ NOT NULL DEFAULT NOW(),
          updated_at TIMESTAMPTZ NOT NULL DEFAULT NOW()
        );

CREATE TABLE IF NOT EXISTS before_after_testimonials (
          id INTEGER GENERATED BY DEFAULT AS IDENTITY PRIMARY KEY,
          name TEXT NOT NULL DEFAULT '',
          service TEXT NOT NULL DEFAULT '',
          copy TEXT NOT NULL DEFAULT '',
          sort_order INTEGER NOT NULL DEFAULT 0,
          created_at TIMESTAMPTZ NOT NULL DEFAULT NOW(),
          updated_at TIMESTAMPTZ NOT NULL DEFAULT NOW()
        );

CREATE TABLE IF NOT EXISTS service_hero_trust (
          id INTEGER GENERATED BY DEFAULT AS IDENTITY PRIMARY KEY,
          title TEXT NOT NULL DEFAULT '',
          copy TEXT NOT NULL DEFAULT '',
          icon TEXT NOT NULL DEFAULT '',
          tone TEXT NOT NULL DEFAULT '',
          sort_order INTEGER NOT NULL DEFAULT 0,
          created_at TIMESTAMPTZ NOT NULL DEFAULT NOW(),
          updated_at TIMESTAMPTZ NOT NULL DEFAULT NOW()
        );

CREATE TABLE IF NOT EXISTS service_cards (
          id INTEGER GENERATED BY DEFAULT AS IDENTITY PRIMARY KEY,
          title TEXT NOT NULL DEFAULT '',
          copy TEXT NOT NULL DEFAULT '',
          price TEXT NOT NULL DEFAULT '',
          image TEXT NOT NULL DEFAULT '',
          icon TEXT NOT NULL DEFAULT '',
          tone TEXT NOT NULL DEFAULT '',
          sort_order INTEGER NOT NULL DEFAULT 0,
          created_at TIMESTAMPTZ NOT NULL DEFAULT NOW(),
          updated_at TIMESTAMPTZ NOT NULL DEFAULT NOW()
        );

CREATE TABLE IF NOT EXISTS service_trust_features (
          id INTEGER GENERATED BY DEFAULT AS IDENTITY PRIMARY KEY,
          title TEXT NOT NULL DEFAULT '',
          copy TEXT NOT NULL DEFAULT '',
          icon TEXT NOT NULL DEFAULT '',
          tone TEXT NOT NULL DEFAULT '',
          sort_order INTEGER NOT NULL DEFAULT 0,
          created_at TIMESTAMPTZ NOT NULL DEFAULT NOW(),
          updated_at TIMESTAMPTZ NOT NULL DEFAULT NOW()
        );

CREATE TABLE IF NOT EXISTS service_process_steps (
          id INTEGER GENERATED BY DEFAULT AS IDENTITY PRIMARY KEY,
          title TEXT NOT NULL DEFAULT '',
          copy TEXT NOT NULL DEFAULT '',
          icon TEXT NOT NULL DEFAULT '',
          tone TEXT NOT NULL DEFAULT '',
          sort_order INTEGER NOT NULL DEFAULT 0,
          created_at TIMESTAMPTZ NOT NULL DEFAULT NOW(),
          updated_at TIMESTAMPTZ NOT NULL DEFAULT NOW()
        );

CREATE TABLE IF NOT EXISTS support_faqs (
          id INTEGER GENERATED BY DEFAULT AS IDENTITY PRIMARY KEY,
          question TEXT NOT NULL DEFAULT '',
          answer TEXT NOT NULL DEFAULT '',
          sort_order INTEGER NOT NULL DEFAULT 0,
          created_at TIMESTAMPTZ NOT NULL DEFAULT NOW(),
          updated_at TIMESTAMPTZ NOT NULL DEFAULT NOW()
        );

CREATE TABLE IF NOT EXISTS support_quick_actions (
          id INTEGER GENERATED BY DEFAULT AS IDENTITY PRIMARY KEY,
          title TEXT NOT NULL DEFAULT '',
          copy TEXT NOT NULL DEFAULT '',
          icon TEXT NOT NULL DEFAULT '',
          tone TEXT NOT NULL DEFAULT '',
          href TEXT NOT NULL DEFAULT '',
          sort_order INTEGER NOT NULL DEFAULT 0,
          created_at TIMESTAMPTZ NOT NULL DEFAULT NOW(),
          updated_at TIMESTAMPTZ NOT NULL DEFAULT NOW()
        );

CREATE TABLE IF NOT EXISTS support_contact_info (
          id INTEGER GENERATED BY DEFAULT AS IDENTITY PRIMARY KEY,
          title TEXT NOT NULL DEFAULT '',
          copy TEXT NOT NULL DEFAULT '',
          icon TEXT NOT NULL DEFAULT '',
          tone TEXT NOT NULL DEFAULT '',
          href TEXT NOT NULL DEFAULT '',
          sort_order INTEGER NOT NULL DEFAULT 0,
          created_at TIMESTAMPTZ NOT NULL DEFAULT NOW(),
          updated_at TIMESTAMPTZ NOT NULL DEFAULT NOW()
        );

CREATE INDEX idx_orders_created_at ON orders(created_at DESC);
CREATE INDEX idx_orders_status ON orders(status);
CREATE INDEX idx_blog_posts_post_date ON blog_posts(post_date DESC);
CREATE INDEX idx_blog_posts_category ON blog_posts(category);
CREATE INDEX idx_blog_posts_status ON blog_posts(status);

INSERT INTO media_assets (id, filename, content_type, data_base64, byte_size, alt_text) VALUES
  ('sample-db-image', 'sample-db-image.png', 'image/png', 'iVBORw0KGgoAAAANSUhEUgAAAAEAAAABCAQAAAC1HAwCAAAAC0lEQVR42mP8/x8AAwMCAO+/p9sAAAAASUVORK5CYII=', 68, 'Sample database-backed image');

INSERT INTO content_sections (section_key, payload_json, updated_at, customized) VALUES
  ('home', '{}'::jsonb, NOW(), FALSE),
  ('booking', '{}'::jsonb, NOW(), FALSE),
  ('reviews', '{}'::jsonb, NOW(), FALSE),
  ('beforeAfter', '{}'::jsonb, NOW(), FALSE),
  ('services', '{}'::jsonb, NOW(), FALSE),
  ('support', '{}'::jsonb, NOW(), FALSE);

INSERT INTO blog_posts (slug, title, copy, post_date, tag, category, tone, image, author, status, views, published_at, sort_order, updated_at) VALUES
  ('5-signs-you-need-a-new-phone-screen', '5 Signs You Need a New Phone Screen', 'Cracked screen or unresponsive touch? Here are the top signs it is time for a professional repair.', 'May 20, 2026', 'Tips & Tricks', 'Tips & Tricks', 'violet', '/assets/cutouts/screen-repair.png', 'OmarPhone Team', 'Published', 0, NULL, 0, NOW()),
  ('how-to-extend-your-phone-battery-life', 'How to Extend Your Phone Battery Life', 'Simple habits that help your battery last longer and keep your phone running smoothly every day.', 'May 18, 2026', 'Guides', 'Device Care', 'green', '/assets/cutouts/battery-repair.png', 'OmarPhone Team', 'Published', 0, NULL, 1, NOW()),
  ('laptop-overheating-what-to-do', 'Laptop Overheating? Here is What to Do', 'Learn common causes, quick fixes, and when to seek expert laptop repair support.', 'May 15, 2026', 'Repair Guide', 'Repair Guides', 'orange', '/assets/cutouts/laptop-repair.png', 'OmarPhone Team', 'Published', 0, NULL, 2, NOW()),
  ('camera-repair-services', 'We Now Offer Camera Repair Services', 'Blurry photos or damaged lenses? Our experts can bring your camera back to life.', 'May 12, 2026', 'News', 'News & Updates', 'pink', '/assets/cutouts/iphone.png', 'OmarPhone Team', 'Published', 0, NULL, 3, NOW()),
  ('when-should-you-replace-your-laptop-battery', 'When Should You Replace Your Laptop Battery?', 'Short battery life? Find out when it is time to replace your laptop battery.', 'May 8, 2026', 'Guides', 'Device Care', 'green', '/assets/cutouts/ipad-repair.png', 'OmarPhone Team', 'Published', 0, NULL, 4, NOW()),
  ('how-to-fix-slow-phone-performance', 'How to Fix Slow Phone Performance', 'Is your phone lagging? Try these simple tricks to boost performance instantly.', 'May 5, 2026', 'Tips & Tricks', 'Troubleshooting', 'violet', '/assets/cutouts/battery-repair.png', 'OmarPhone Team', 'Published', 0, NULL, 5, NOW()),
  ('camera-not-working-quick-fix-guide', 'Camera Not Working? Quick Fix Guide', 'Blurry or broken camera? Learn how to troubleshoot and fix camera issues.', 'May 2, 2026', 'Repair Guide', 'Troubleshooting', 'orange', '/assets/cutouts/iphone.png', 'OmarPhone Team', 'Published', 0, NULL, 6, NOW()),
  ('water-damage-repair-what-you-must-do-first', 'Water Damage Repair: What You Must Do First', 'Dropped your phone in water? Follow these steps immediately to save it.', 'Apr 28, 2026', 'News', 'Troubleshooting', 'pink', '/assets/cutouts/screen-repair.png', 'OmarPhone Team', 'Published', 0, NULL, 7, NOW()),
  ('best-ways-to-protect-your-phone-screen', 'Best Ways to Protect Your Phone Screen', 'Avoid costly repairs with these simple tips to protect your screen.', 'Apr 25, 2026', 'Tips & Tricks', 'Device Care', 'violet', '/assets/cutouts/screen-repair.png', 'OmarPhone Team', 'Published', 0, NULL, 8, NOW()),
  ('why-fast-charging-damages-your-battery', 'Why Fast Charging Damages Your Battery', 'Is fast charging safe? Learn how it affects your battery lifespan.', 'Apr 22, 2026', 'Guides', 'Device Care', 'green', '/assets/cutouts/battery-repair.png', 'OmarPhone Team', 'Published', 0, NULL, 9, NOW()),
  ('tablet-not-charging-try-these-fixes', 'Tablet Not Charging? Try These Fixes', 'Tablet will not charge? Here are common causes and easy solutions.', 'Apr 18, 2026', 'Repair Guide', 'Repair Guides', 'orange', '/assets/cutouts/ipad-repair.png', 'OmarPhone Team', 'Published', 0, NULL, 10, NOW()),
  ('signs-your-device-needs-professional-repair', 'Signs Your Device Needs Professional Repair', 'Not sure if your device needs repair? These warning signs will help.', 'Apr 15, 2026', 'News', 'Repair Guides', 'pink', '/assets/cutouts/fix-it.png', 'OmarPhone Team', 'Published', 0, NULL, 11, NOW());

INSERT INTO blog_post_tags (post_slug, tag, sort_order) VALUES
  ('5-signs-you-need-a-new-phone-screen', 'iPhone Repair', 0),
  ('5-signs-you-need-a-new-phone-screen', 'Screen Repair', 1),
  ('5-signs-you-need-a-new-phone-screen', 'Cracked Screen', 2),
  ('5-signs-you-need-a-new-phone-screen', 'Tech Tips', 3),
  ('how-to-extend-your-phone-battery-life', 'Battery Tips', 0),
  ('how-to-extend-your-phone-battery-life', 'iPhone Repair', 1),
  ('how-to-extend-your-phone-battery-life', 'Device Care', 2),
  ('how-to-extend-your-phone-battery-life', 'Tech Tips', 3),
  ('laptop-overheating-what-to-do', 'Laptop Fix', 0),
  ('laptop-overheating-what-to-do', 'Device Care', 1),
  ('laptop-overheating-what-to-do', 'Tech Tips', 2),
  ('camera-repair-services', 'Camera Repair', 0),
  ('camera-repair-services', 'iPhone Repair', 1),
  ('camera-repair-services', 'Tech Tips', 2),
  ('when-should-you-replace-your-laptop-battery', 'Battery Tips', 0),
  ('when-should-you-replace-your-laptop-battery', 'Laptop Fix', 1),
  ('when-should-you-replace-your-laptop-battery', 'Device Care', 2),
  ('how-to-fix-slow-phone-performance', 'iPhone Repair', 0),
  ('how-to-fix-slow-phone-performance', 'Device Care', 1),
  ('how-to-fix-slow-phone-performance', 'Tech Tips', 2),
  ('camera-not-working-quick-fix-guide', 'Camera Repair', 0),
  ('camera-not-working-quick-fix-guide', 'iPhone Repair', 1),
  ('camera-not-working-quick-fix-guide', 'Tech Tips', 2),
  ('water-damage-repair-what-you-must-do-first', 'Water Damage', 0),
  ('water-damage-repair-what-you-must-do-first', 'iPhone Repair', 1),
  ('water-damage-repair-what-you-must-do-first', 'Repair Guides', 2),
  ('best-ways-to-protect-your-phone-screen', 'Screen Repair', 0),
  ('best-ways-to-protect-your-phone-screen', 'Cracked Screen', 1),
  ('best-ways-to-protect-your-phone-screen', 'Device Care', 2),
  ('why-fast-charging-damages-your-battery', 'Battery Tips', 0),
  ('why-fast-charging-damages-your-battery', 'Device Care', 1),
  ('why-fast-charging-damages-your-battery', 'Tech Tips', 2),
  ('tablet-not-charging-try-these-fixes', 'Tablet Repair', 0),
  ('tablet-not-charging-try-these-fixes', 'Battery Tips', 1),
  ('tablet-not-charging-try-these-fixes', 'Troubleshooting', 2),
  ('signs-your-device-needs-professional-repair', 'Device Care', 0),
  ('signs-your-device-needs-professional-repair', 'Tech Tips', 1),
  ('signs-your-device-needs-professional-repair', 'Troubleshooting', 2);

INSERT INTO home_services (title, price, copy, icon, tone, image, sort_order) VALUES
  ('Phone Screen Repair', 'Free quote', 'Cracked or broken screen? We will make it look brand new.', 'screen', 'violet', '/assets/cutouts/screen-repair.png', 0),
  ('Phone Battery Replacement', 'Free quote', 'Fast battery drain? Get your power back.', 'battery', 'green', '/assets/cutouts/battery-repair.png', 1),
  ('Laptop Screen Repair', 'Free quote', 'Cracked or flickering display? We fix it fast.', 'laptop', 'blue', '/assets/cutouts/laptop-repair.png', 2),
  ('Laptop Battery Replacement', 'Free quote', 'Short battery life? Get long-lasting performance.', 'chip', 'orange', '/assets/cutouts/ipad-repair.png', 3),
  ('Camera Repair', 'Free quote', 'Blurry photos? We fix camera issues quickly.', 'camera', 'pink', '/assets/cutouts/iphone.png', 4),
  ('Tablet Repair', 'Free quote', 'All tablet issues fixed quickly and beautifully.', 'tablet', 'cyan', '/assets/cutouts/ipad-repair.png', 5);

INSERT INTO home_testimonials (name, service, copy, sort_order) VALUES
  ('reda salhaoui', 'Google Maps Review', 'Negozio ben fornito, personale disponibile e competente. Ottimo il servizio di riparazione: ho risparmiato evitando di cambiare telefono. Consigliato!', 0),
  ('mohamed arjdal', 'Google Maps Review', 'Omar e suo fratello sono due veri professionisti: gentili, preparati e sempre disponibili con i clienti.', 1),
  ('Marco Goria', 'Local Guide Review', 'Buona scelta di cellulari e apparecchiature elettroniche per tutti i gusti ed esigenze. Effettuano anche riparazioni a prezzi piu che onesti.', 2),
  ('LORENZO RUSSO', 'Charging Port Repair', 'Mi hanno sistemato il telefono, aggiustandomi l ingresso USB-C per la ricarica. Lavoro veloce e prezzo piu che onesto.', 3);

INSERT INTO booking_devices (name, image, tone, brand, category, sort_order) VALUES
  ('iPhone 11 Pro Max', '/images/phones/apple/iphone-11-pro-max.png', 'violet', 'Apple', 'Phones', 0),
  ('iPhone 11 Pro', '/images/phones/apple/iphone-11-pro.png', 'blue', 'Apple', 'Phones', 1),
  ('iPhone 11', '/images/phones/apple/iphone-11.png', 'pink', 'Apple', 'Phones', 2),
  ('iPhone 12 Mini', '/images/phones/apple/iphone-12-mini.png', 'green', 'Apple', 'Phones', 3),
  ('iPhone 12 Pro Max', '/images/phones/apple/iphone-12-pro-max.png', 'orange', 'Apple', 'Phones', 4),
  ('iPhone 12 Pro', '/images/phones/apple/iphone-12-pro.png', 'cyan', 'Apple', 'Phones', 5),
  ('iPhone 12', '/images/phones/apple/iphone-12.png', 'violet', 'Apple', 'Phones', 6),
  ('iPhone 13 Mini', '/images/phones/apple/iphone-13-mini.png', 'blue', 'Apple', 'Phones', 7),
  ('iPhone 13 Pro Max', '/images/phones/apple/iphone-13-pro-max.png', 'pink', 'Apple', 'Phones', 8),
  ('iPhone 13 Pro', '/images/phones/apple/iphone-13-pro.png', 'green', 'Apple', 'Phones', 9),
  ('iPhone 13', '/images/phones/apple/iphone-13.png', 'orange', 'Apple', 'Phones', 10),
  ('iPhone 14 Plus', '/images/phones/apple/iphone-14-plus.png', 'cyan', 'Apple', 'Phones', 11),
  ('iPhone 14 Pro Max', '/images/phones/apple/iphone-14-pro-max.png', 'violet', 'Apple', 'Phones', 12),
  ('iPhone 14 Pro', '/images/phones/apple/iphone-14-pro.png', 'blue', 'Apple', 'Phones', 13),
  ('iPhone 14', '/images/phones/apple/iphone-14.png', 'pink', 'Apple', 'Phones', 14),
  ('iPhone 15 Plus', '/images/phones/apple/iphone-15-plus.png', 'green', 'Apple', 'Phones', 15),
  ('iPhone 15 Pro Max', '/images/phones/apple/iphone-15-pro-max.png', 'orange', 'Apple', 'Phones', 16),
  ('iPhone 15 Pro', '/images/phones/apple/iphone-15-pro.png', 'cyan', 'Apple', 'Phones', 17),
  ('iPhone 15', '/images/phones/apple/iphone-15.png', 'violet', 'Apple', 'Phones', 18),
  ('iPhone 16 Plus', '/images/phones/apple/iphone-16-plus.png', 'blue', 'Apple', 'Phones', 19),
  ('iPhone 16 Pro Max', '/images/phones/apple/iphone-16-pro-max.png', 'pink', 'Apple', 'Phones', 20),
  ('iPhone 16 Pro', '/images/phones/apple/iphone-16-pro.png', 'green', 'Apple', 'Phones', 21),
  ('iPhone 16', '/images/phones/apple/iphone-16.png', 'orange', 'Apple', 'Phones', 22),
  ('iPhone 16e', '/images/phones/apple/iphone-16e.png', 'cyan', 'Apple', 'Phones', 23),
  ('iPhone 17 Pro Max', '/images/phones/apple/iphone-17-pro-max.png', 'violet', 'Apple', 'Phones', 24),
  ('iPhone 17 Pro', '/images/phones/apple/iphone-17-pro.png', 'blue', 'Apple', 'Phones', 25),
  ('iPhone 17', '/images/phones/apple/iphone-17.png', 'pink', 'Apple', 'Phones', 26),
  ('iPhone 17e', '/images/phones/apple/iphone-17e.png', 'green', 'Apple', 'Phones', 27),
  ('iPhone 1st Generation', '/images/phones/apple/iphone-1st-generation.png', 'orange', 'Apple', 'Phones', 28),
  ('iPhone 3G', '/images/phones/apple/iphone-3g.png', 'cyan', 'Apple', 'Phones', 29),
  ('iPhone 3GS', '/images/phones/apple/iphone-3gs.png', 'violet', 'Apple', 'Phones', 30),
  ('iPhone 4 Verizon', '/images/phones/apple/iphone-4-verizon.png', 'blue', 'Apple', 'Phones', 31),
  ('iPhone 4', '/images/phones/apple/iphone-4.png', 'pink', 'Apple', 'Phones', 32),
  ('iPhone 4S', '/images/phones/apple/iphone-4s.png', 'green', 'Apple', 'Phones', 33),
  ('iPhone 5', '/images/phones/apple/iphone-5.png', 'orange', 'Apple', 'Phones', 34),
  ('iPhone 5C', '/images/phones/apple/iphone-5c.png', 'cyan', 'Apple', 'Phones', 35),
  ('iPhone 5S', '/images/phones/apple/iphone-5s.png', 'violet', 'Apple', 'Phones', 36),
  ('iPhone 6 Plus', '/images/phones/apple/iphone-6-plus.png', 'blue', 'Apple', 'Phones', 37),
  ('iPhone 6', '/images/phones/apple/iphone-6.png', 'pink', 'Apple', 'Phones', 38),
  ('iPhone 6S Plus', '/images/phones/apple/iphone-6s-plus.png', 'green', 'Apple', 'Phones', 39),
  ('iPhone 6S', '/images/phones/apple/iphone-6s.png', 'orange', 'Apple', 'Phones', 40),
  ('iPhone 7 Plus', '/images/phones/apple/iphone-7-plus.png', 'cyan', 'Apple', 'Phones', 41),
  ('iPhone 7', '/images/phones/apple/iphone-7.png', 'violet', 'Apple', 'Phones', 42),
  ('iPhone 8 Plus', '/images/phones/apple/iphone-8-plus.png', 'blue', 'Apple', 'Phones', 43),
  ('iPhone 8', '/images/phones/apple/iphone-8.png', 'pink', 'Apple', 'Phones', 44),
  ('iPhone Air', '/images/phones/apple/iphone-air.png', 'green', 'Apple', 'Phones', 45),
  ('iPhone SE 1st Generation', '/images/phones/apple/iphone-se-1st-generation.png', 'orange', 'Apple', 'Phones', 46),
  ('iPhone SE 2020', '/images/phones/apple/iphone-se-2020.png', 'cyan', 'Apple', 'Phones', 47),
  ('iPhone SE 2022', '/images/phones/apple/iphone-se-2022.png', 'violet', 'Apple', 'Phones', 48),
  ('iPhone X', '/images/phones/apple/iphone-x.png', 'blue', 'Apple', 'Phones', 49),
  ('iPhone XR', '/images/phones/apple/iphone-xr.png', 'pink', 'Apple', 'Phones', 50),
  ('iPhone XS Max', '/images/phones/apple/iphone-xs-max.png', 'green', 'Apple', 'Phones', 51),
  ('iPhone XS', '/images/phones/apple/iphone-xs.png', 'orange', 'Apple', 'Phones', 52);

INSERT INTO booking_repair_issues (key, title, copy, icon, tone, image, availability, sort_order) VALUES
  ('screen', 'Screen Repair', 'Cracked glass, broken OLED, dead pixels or touch issues.', 'smartphone', 'violet', '/images/ifixit/cutouts/iphone-17-pro-screen.png', 'all', 0),
  ('battery', 'Battery Replacement', 'Fast drain, swollen battery, random shutdowns or poor health.', 'battery', 'green', '/images/ifixit/cutouts/iphone-17-pro-battery.png', 'all', 1),
  ('charging-port', 'Charging Port Repair', 'Loose cable, port not charging, bent pins or debris damage.', 'zap', 'orange', '/images/ifixit/cutouts/iphone-17-pro-usbc.png', 'all', 2),
  ('camera', 'Camera Repair', 'Blurry lens, shaking focus, black camera or broken camera glass.', 'camera', 'pink', '/images/ifixit/cutouts/iphone-17-pro-rear-camera.png', 'all', 3),
  ('water', 'Water Damage', 'Liquid exposure, corrosion, no power or unstable behavior.', 'water', 'cyan', '/images/ifixit/cutouts/iphone-17-pro-opened.png', 'all', 4),
  ('back-glass', 'Back Glass Repair', 'Cracked rear glass, damaged housing or exposed internal parts.', 'smartphone', 'violet', '/images/ifixit/cutouts/iphone-17-pro-back-glass.png', 'modern-glass', 5),
  ('face-id', 'Face ID / Sensors', 'Front sensor, earpiece, TrueDepth or proximity sensor diagnostics.', 'scan', 'blue', '/images/ifixit/cutouts/iphone-17-pro-front-camera.png', 'face-id', 6),
  ('speaker', 'Speaker / Mic', 'Low sound, distorted audio, muffled microphone or call problems.', 'speaker', 'orange', '/images/ifixit/cutouts/iphone-17-pro-front-camera.png', 'all', 7),
  ('buttons', 'Buttons / Switches', 'Power, volume, mute, home button or action button problems.', 'settings', 'cyan', '/images/ifixit/cutouts/iphone-17-pro-tools.png', 'legacy', 8),
  ('software', 'Software Issue', 'Boot loop, slow system, frozen apps or update problems.', 'settings', 'blue', '/images/ifixit/cutouts/iphone-17-pro-tools.png', 'all', 9),
  ('accessory', 'Accessory Help', 'Cases, cables, chargers, adapters and compatibility support.', 'box', 'green', '/images/phones/apple/iphone-accessories.png', 'accessory', 10),
  ('other', 'Other Issue', 'Not sure yet? We inspect the device and identify the fault.', 'dots', 'violet', '/images/ifixit/cutouts/iphone-17-pro-opened.png', 'all', 11);

INSERT INTO review_stats (value, label, copy, icon, tone, sort_order) VALUES
  ('4.7', 'Average Rating', 'Based on 23 Google reviews', 'shield', 'violet', 0),
  ('23', 'Google Reviews', 'Real Omar Phone customers', 'message-circle', 'pink', 1),
  ('20', '5-Star Reviews', 'Customers recommend Omar Phone', 'star', 'blue', 2),
  ('3 mo', 'Recent Feedback', 'Latest public review activity', 'clock', 'orange', 3);

INSERT INTO customer_reviews (name, date, copy, stars, service, icon, tone, avatar, sort_order) VALUES
  ('reda salhaoui', '3 mesi fa', 'Negozio ben fornito, personale disponibile e competente. Ottimo il servizio di riparazione: ho risparmiato evitando di cambiare telefono. Consigliato!', '★★★★★', 'Google Maps Review', 'smartphone', 'violet', 'https://lh3.googleusercontent.com/a-/ALV-UjXNlvlFr5WY2kzyfCL16rSjYjqK68Cg9DtnSXTm4KNmDqqLJhk=w96-h96-p-rp-mo-br100', 0),
  ('mohamed arjdal', '3 mesi fa', 'Omar e suo fratello sono due veri professionisti: gentili, preparati e sempre disponibili con i clienti.', '★★★★★', 'Google Maps Review', 'laptop', 'pink', 'https://lh3.googleusercontent.com/a/ACg8ocK_ISa5ZG712AeceHfgAacWkCKcdTp1RmJPrBx-BkrmWEr42A=w96-h96-p-rp-mo-br100', 1),
  ('Marco Goria', '2 anni fa', 'Buona scelta di cellulari e apparecchiature elettroniche per tutti i gusti ed esigenze. Effettuano anche riparazioni a prezzi piu che onesti.', '★★★★★', 'Local Guide Review', 'battery', 'blue', 'https://lh3.googleusercontent.com/a-/ALV-UjUeJpgE3I3g_z5S7Bo8Ha-a2BS0JGt1qbWatb54ZiHrACS67O4=w96-h96-p-rp-mo-ba4-br100', 2),
  ('LORENZO RUSSO', '3 settimane fa', 'Mi hanno sistemato il telefono, aggiustandomi l ingresso USB-C per la ricarica. Lavoro veloce e prezzo piu che onesto.', '★★★★★', 'Charging Port Repair', 'zap', 'pink', '', 3),
  ('Daniele Palmisano', '2 mesi fa', 'Ho portato il mio iPhone 12 dopo un incidente: Omar e stato meraviglioso e mi ha aiutato quando il telefono mi serviva subito.', '★★★★★', 'iPhone Repair Review', 'smartphone', 'violet', '', 4);

INSERT INTO before_after_repairs (device, service, copy, time, tone, before_image, after_image, kind, sort_order) VALUES
  ('iPhone 16 Pro Max', 'Back Glass Repair', 'Damaged back housing restored with a clean premium finish.', '2 Hours', 'violet', '/images/before and after/iphone before.png', '/images/before and after/iphone after.png', 'Phone', 0),
  ('MacBook Air M2', 'Screen Replacement', 'Flickering and dim display replaced with a brand new one.', '4 Hours', 'pink', '/images/before and after/Macbook air before.jpg', '/images/before and after/Macbook air after.jpg', 'Laptop', 1),
  ('iPad Pro 2020', 'Screen Replacement', 'Broken tablet display replaced and tested for touch response.', '4 Hours', 'blue', '/images/before and after/ipad screen before.png', '/images/before and after/ipad screen after.png', 'Tablet', 2),
  ('Apple Watch Ultra', 'Screen Replacement', 'Deep scratches removed, display looks crystal clear.', '1 Hour', 'orange', '/images/before and after/apple watch before.png', '/images/before and after/apple watch after.png', 'Smartwatch', 3);

INSERT INTO before_after_testimonials (name, service, copy, sort_order) VALUES
  ('reda salhaoui', 'Google Maps Review', 'Negozio ben fornito, personale disponibile e competente. Ottimo il servizio di riparazione: ho risparmiato evitando di cambiare telefono. Consigliato!', 0),
  ('mohamed arjdal', 'Google Maps Review', 'Omar e suo fratello sono due veri professionisti: gentili, preparati e sempre disponibili con i clienti.', 1),
  ('Marco Goria', 'Local Guide Review', 'Buona scelta di cellulari e apparecchiature elettroniche per tutti i gusti ed esigenze. Effettuano anche riparazioni a prezzi piu che onesti.', 2),
  ('LORENZO RUSSO', 'Charging Port Repair', 'Mi hanno sistemato il telefono, aggiustandomi l ingresso USB-C per la ricarica. Lavoro veloce e prezzo piu che onesto.', 3);

INSERT INTO service_hero_trust (title, copy, icon, tone, sort_order) VALUES
  ('Skilled Technicians', '', 'shield', 'violet', 0),
  ('Premium Quality Parts', '', 'badge', 'pink', 1),
  ('Fast Turnaround', '', 'clock', 'violet', 2);

INSERT INTO service_cards (title, copy, price, image, icon, tone, sort_order) VALUES
  ('Phone Screen Repair', 'Cracked or broken screen? We will make it look brand new.', 'Free quote', '/assets/cutouts/screen-repair.png', 'smartphone', 'violet', 0),
  ('Phone Battery Replacement', 'Fast battery drain? Get your power back.', 'Free quote', '/assets/cutouts/battery-repair.png', 'battery', 'green', 1),
  ('Laptop Screen Repair', 'Cracked or flickering display? We fix it fast.', 'Free quote', '/assets/cutouts/laptop-repair.png', 'laptop', 'blue', 2),
  ('Laptop Battery Replacement', 'Short battery life? Get long-lasting performance.', 'Free quote', '/assets/cutouts/ipad-repair.png', 'settings', 'orange', 3),
  ('Camera Repair', 'Blurry photos? We fix camera issues quickly.', 'Free quote', '/assets/cutouts/iphone.png', 'camera', 'pink', 4),
  ('Tablet Repair', 'All tablet issues fixed quickly and beautifully.', 'Free quote', '/assets/cutouts/ipad-repair.png', 'tablet', 'cyan', 5);

INSERT INTO service_trust_features (title, copy, icon, tone, sort_order) VALUES
  ('Warranty on All Repairs', 'We stand by our work. All repairs come with warranty for your peace of mind.', 'shield', 'violet', 0),
  ('Quick Turnaround', 'Most repairs are completed on the same day. Get back to what matters.', 'clock', 'pink', 1),
  ('Data Protection', 'Your data is 100% safe with our secure repair process.', 'lock', 'violet', 2),
  ('Premium Quality Parts', 'We use high-quality parts for lasting performance and reliability.', 'badge', 'violet', 3);

INSERT INTO service_process_steps (title, copy, icon, tone, sort_order) VALUES
  ('Device Check-in', 'We inspect your device and understand the issue.', 'clipboard', 'violet', 0),
  ('Diagnosis', 'Our experts run a complete diagnostic and provide a quote.', 'search', 'violet', 1),
  ('Repair', 'We repair your device using premium quality parts and tools.', 'tools', 'violet', 2),
  ('Quality Check', 'Multi-point testing to ensure your device works perfectly.', 'shield', 'violet', 3),
  ('Ready for Pickup', 'We return your device good as new.', 'box', 'violet', 4);

INSERT INTO support_faqs (question, answer, sort_order) VALUES
  ('How long does a typical repair take?', 'Most repairs are completed within 30 minutes to 2 hours depending on the issue.', 0),
  ('Do you offer warranty on repairs?', 'Yes. All our repairs come with a warranty. Duration depends on the type of repair.', 1),
  ('How can I track my repair status?', 'You can track your repair in real-time using our Track Repair page.', 2),
  ('Do I need to book an appointment?', 'Walk-ins are welcome, but booking an appointment saves your time.', 3),
  ('What payment methods do you accept?', 'We accept cash, all major credit/debit cards, and digital payments.', 4),
  ('Can I get a quote before the repair?', 'Absolutely. Book a repair or visit our store and we will confirm a free quote before starting.', 5);

INSERT INTO support_quick_actions (title, copy, icon, tone, href, sort_order) VALUES
  ('Track Your Repair', 'Send your repair ID to support', 'box', 'violet', 'https://wa.me/212612345678', 0),
  ('Free Repair Quote', 'Ask for a diagnosis', 'message-circle', 'blue', '/book', 1),
  ('Device Health Check', 'Check your device status', 'activity', 'orange', '/book', 2),
  ('Book a Repair', 'Schedule an appointment', 'calendar', 'pink', '/book', 3);

INSERT INTO support_contact_info (title, copy, icon, tone, href, sort_order) VALUES
  ('+212 6 12 34 56 78', 'Mon - Sat : 9:00 AM - 7:00 PM', 'phone', 'violet', 'tel:+212612345678', 0),
  ('hello@omarphone.com', 'We reply within 15 minutes', 'mail', 'violet', 'mailto:hello@omarphone.com', 1),
  ('123 Tech Avenue', 'Casablanca, 20000 Morocco', 'map-pin', 'violet', 'https://maps.google.com', 2);

COMMIT;
